image_format,image_size_bytes,edge_total_latency_ms,edge_cpu_utilization,edge_memory_utilization
JPEG,216355,65.70961303077638,0.0,36.9
JPEG,276393,119.76492300163954,6.4,37.4
JPEG,206251,52.16559098334983,9.2,37.6
JPEG,170222,53.87485399842262,5.2,37.6
JPEG,825622,139.82719200430438,6.6,37.6
JPEG,356642,118.44931205268949,10.2,37.6
JPEG,1232431,150.0782009679824,8.4,37.6
JPEG,189635,57.48976598260924,9.7,37.6
JPEG,964643,134.06858901726082,5.1,37.6
JPEG,182012,58.18168097175658,8.6,37.7
