image_format,image_size_bytes,edge_total_latency_ms,edge_cpu_utilization,edge_memory_utilization
JPEG,216355,67.92888301424682,0.0,37.4
JPEG,276393,114.30460895644501,6.0,37.9
JPEG,206251,50.192777009215206,8.4,38.1
JPEG,170222,48.38297498645261,5.3,38.1
JPEG,825622,136.9423539726995,5.4,38.1
JPEG,356642,120.39348599500954,8.6,38.2
JPEG,1232431,156.49781801039353,8.0,38.2
JPEG,189635,63.57875099638477,10.1,38.2
JPEG,964643,133.76275601331145,6.4,38.2
JPEG,182012,59.02089399751276,10.2,38.2
