image_format,image_size_bytes,edge_total_latency_ms,edge_cpu_utilization,edge_memory_utilization
JPEG,216355,65.28264901135117,0.0,23.3
JPEG,276393,111.54266400262713,6.7,23.8
JPEG,206251,49.22458704095334,7.7,24.0
JPEG,170222,47.62847599340603,4.7,24.0
JPEG,825622,135.58489602291957,5.6,24.0
JPEG,356642,114.83470402890816,8.7,24.6
JPEG,1232431,148.96733302157372,8.1,24.5
JPEG,189635,57.17942299088463,10.1,24.6
JPEG,964643,130.86245104204863,5.3,24.5
JPEG,182012,56.432562007103115,9.8,24.5
