image_format,image_size_bytes,edge_total_latency_ms,edge_cpu_utilization,edge_memory_utilization
JPEG,216355,65.35739195533097,0.0,23.4
JPEG,276393,111.25857703154907,6.1,23.7
JPEG,206251,49.48669299483299,8.0,24.4
JPEG,170222,53.62750397762284,4.8,24.4
JPEG,825622,135.88871801039204,6.4,24.4
JPEG,356642,120.04994601011276,8.5,24.4
JPEG,1232431,152.6498540188186,9.0,24.3
JPEG,189635,60.12104905676097,10.4,24.3
JPEG,964643,132.1841540047899,6.5,24.3
JPEG,182012,60.20525301573798,9.6,24.3
